{
  "<50": {
    "max_new_tokens": 46,
    "top_k": 121,
    "top_p": 0.5482303640480536,
    "temperature": 1.0523891723673908,
    "repetition_penalty": 1.1605705982878112,
    "avg_reward": 0.5566073842380255
  },
  "50-80": {
    "max_new_tokens": 59,
    "top_k": 129,
    "top_p": 0.6814424741921495,
    "temperature": 0.7492052342564229,
    "repetition_penalty": 1.0726583883417724,
    "avg_reward": 0.6692482145994936
  },
  "80-100": {
    "max_new_tokens": 89,
    "top_k": 88,
    "top_p": 0.9980082658737177,
    "temperature": 0.8500261051466939,
    "repetition_penalty": 1.0728753182778794,
    "avg_reward": 0.6437565374589964
  },
  ">100": {
    "max_new_tokens": 103,
    "top_k": 33,
    "top_p": 0.5249727335840243,
    "temperature": 1.0991838997319796,
    "repetition_penalty": 1.1845736642979219,
    "avg_reward": 0.6922938244276382
  }
}
