{
  "<50": {
    "max_new_tokens": 44,
    "top_k": 175,
    "top_p": 0.7349074171376352,
    "temperature": 1.0975761460518476,
    "repetition_penalty": 1.1512488286986382,
    "avg_reward": 0.690159917081985
  },
  "50-80": {
    "max_new_tokens": 75,
    "top_k": 147,
    "top_p": 0.8513876802023685,
    "temperature": 0.9064823611259833,
    "repetition_penalty": 1.0781150195009133,
    "avg_reward": 0.652494792560525
  },
  "80-100": {
    "max_new_tokens": 94,
    "top_k": 136,
    "top_p": 0.8446146384796216,
    "temperature": 0.8181123109021357,
    "repetition_penalty": 1.1610578241780956,
    "avg_reward": 0.6927746385537163
  },
  ">100": {
    "max_new_tokens": 120,
    "top_k": 143,
    "top_p": 0.6597306682099416,
    "temperature": 0.7143695004918555,
    "repetition_penalty": 1.0145134668800515,
    "avg_reward": 0.702577202349963
  }
}
